Nestle All Purpose Cream,63.00,pc,Pantry
Nestle Koko Krunch Cereal 500g,186.00,pc,Pantry

Spam Classic,165.00,pc,Pantry
Eden Original Filled Cheese 430g,130.00,pc,Pantry

Lucky Me! Pancit Canton Extra Hot Chili,12.15,pc,Pantry
Magnolia Ready to Cook Chicken,219.00,pack,Meat/Poultry/Seafood
Salmon Belly 300g,168.00,pack,Meat/Poultry/Seafood

Tilapia Large,174.00,kg,Meat/Poultry/Seafood

Lechon Belly,400.00,kg,Meat/Poultry/Seafood
Pork Steak,302.00,kg,Meat/Poultry/Seafood

Jack 'N Jill Potato Chips V-Cut Spicy Barbecue | 25g,13.00,pc,Snacks

StikO Jr Chocolate Wafer Sticks | 380g,57.00,pc,Snacks
Sugo Greaseless Peanuts 100gr,28.50,pc,Snacks
Jack 'N Jill Piattos Roadhouse Barbecue | 85g,27.75,pc,Snacks

Lays Chip Stax Barbecue | 135g,80.00,pc,Snacks


